{
  "ambient_light": 1.0,
  "bed_works": true,
  "coordinate_scale": 1.0,
  "effects": "minecraft:overworld",
  "has_ceiling": false,
  "has_raids": false,
  "has_skylight": true,
  "height": 384,
  "infiniburn": "#minecraft:air",
  "logical_height": 384,
  "min_y": -64,
  "monster_spawn_block_light_limit": 15,
  "monster_spawn_light_level": {
    "type": "minecraft:constant",
    "value": 15
  },
  "natural": false,
  "piglin_safe": true,
  "respawn_anchor_works": true,
  "ultrawarm": false
}