{
    "name": "Dream sickle",
    "description": "Lunge and shove entities nearby to gain dream power and deal huge knockback. Can be recast to do a circular slash, or cast while sneaking to skip the lunge. Can destroy rifts and portals.",
    "type": "origins:multiple",
    "badges": [{
        "type": "origins:tooltip",
        "sprite": "origins:textures/gui/badge/active.png",
        "text": {
            "text": "Primary key"
        }
    }],
    "recast": {
        "type": "origins:active_self",
        "key": {
            "key": "key.origins.primary_active"
        },
        "entity_action": {
            "type": "origins:if_else",
            "condition": {
                "type": "origins:and",
                "conditions": [{
                        "type": "origins:resource",
                        "compare_to": 0,
                        "comparison": "==",
                        "resource": "*:*_cooldown"
                    },
                    {
                        "type": "origins:resource",
                        "compare_to": 0,
                        "comparison": ">",
                        "resource": "*:*_slash_window"
                    },
                    {
                        "type": "origins:resource",
                        "resource": "*:nevariin/rotation_rotation",
                        "compare_to": 1,
                        "comparison": "=="
                    }
                ]
            },
            "if_action": {
                "type": "origins:and",
                "actions": [{
                        "type": "origins:if_else",
                        "condition": {
                            "type": "origins:equipped_item",
                            "equipment_slot": "mainhand",
                            "item_condition": {
                                "type": "origins:ingredient",
                                "ingredient": {
                                    "tag": "minecraft:hoes"
                                }
                            },
                            "inverted": true
                        },
                        "if_action": {
                            "type": "origins:add_velocity",
                            "x": 0,
                            "y": 0,
                            "z": 0,
                            "set": true
                        }
                    },
                    {
                        "type": "origins:execute_command",
                        "command": "/attribute @s minecraft:generic.gravity modifier add nevariin:dream_sickle -1 add_multiplied_total"
                    },
                    {
                        "type": "origins:delay",
                        "ticks": 5,
                        "action": {
                            "type": "origins:and",
                            "actions": [{
                                    "type": "origins:execute_command",
                                    "command": "function foxpaw:nevariin/dream_sickle/round_slash"
                                },
                                {
                                    "type": "origins:execute_command",
                                    "command": "/attribute @s minecraft:generic.gravity modifier remove nevariin:dream_sickle"
                                },
                                {
                                    "type": "origins:area_of_effect",
                                    "radius": 5,
                                    "shape": "sphere",
                                    "bientity_action": {
                                        "type": "origins:and",
                                        "actions": [{
                                                "type": "origins:target_action",
                                                "action": {
                                                    "type": "origins:add_velocity",
                                                    "y": 0.5,
                                                    "space": "world",
                                                    "set": true
                                                }
                                            },
                                            {
                                                "type": "origins:add_velocity",
                                                "z": 3,
                                                "reference": "position"
                                            },
                                            {
                                                "type": "origins:actor_action",
                                                "action": {
                                                    "type": "origins:change_resource",
                                                    "resource": "*:nevariin/dream_power_dream_bar",
                                                    "change": 200,
                                                    "operation": "add"
                                                }
                                            }
                                        ]
                                    }
                                }
                            ]
                        }
                    },
                    {
                        "type": "origins:swing_hand",
                        "hand": "MAIN_HAND"
                    },
                    {
                        "type": "origins:change_resource",
                        "resource": "*:*_cooldown",
                        "change": 1000,
                        "operation": "set"
                    },
                    {
                        "type": "origins:change_resource",
                        "resource": "*:*_slash_window",
                        "change": 0,
                        "operation": "set"
                    }
                ]
            }
        }
    },
    "active": {
        "type": "origins:active_self",
        "key": {
            "key": "key.origins.primary_active",
            "continuous": true
        },
        "entity_action": {
            "type": "origins:if_else_list",
            "actions": [{
                    "condition": {
                        "type": "origins:resource",
                        "resource": "*:nevariin/rotation_rotation",
                        "compare_to": 1,
                        "comparison": "!="
                    },
                    "action": {
                        "type": "origins:nothing"
                    }
                },
                {
                    "condition": {
                        "type": "origins:resource",
                        "compare_to": 0,
                        "comparison": ">",
                        "resource": "*:*_cooldown"
                    },
                    "action": {
                        "type": "origins:nothing"
                    }
                },
                {
                    "condition": {

                        "type": "origins:resource",
                        "compare_to": 0,
                        "comparison": ">",
                        "resource": "*:*_slash_window"

                    },
                    "action": {
                        "type": "origins:nothing"
                    }
                },
                {
                    "condition": {
                        "type": "origins:and",
                        "conditions": [{
                                "type": "origins:resource",
                                "compare_to": 15,
                                "comparison": "==",
                                "resource": "*:nevariin/channel_primary"
                            },
                            {
                                "type": "origins:sneaking"
                            }
                        ]
                    },
                    "action": {
                        "type": "origins:and",
                        "actions": [{
                                "type": "origins:if_else",
                                "condition": {
                                    "type": "origins:equipped_item",
                                    "equipment_slot": "mainhand",
                                    "item_condition": {
                                        "type": "origins:ingredient",
                                        "ingredient": {
                                            "tag": "minecraft:hoes"
                                        }
                                    },
                                    "inverted": true
                                },
                                "if_action": {
                                    "type": "origins:add_velocity",
                                    "x": 0,
                                    "y": 0,
                                    "z": 0,
                                    "set": true
                                }
                            },
                            {
                                "type": "origins:execute_command",
                                "command": "/attribute @s minecraft:generic.gravity modifier add nevariin:dream_sickle -1 add_multiplied_total"
                            },
                            {
                                "type": "origins:delay",
                                "ticks": 5,
                                "action": {
                                    "type": "origins:and",
                                    "actions": [{
                                            "type": "origins:execute_command",
                                            "command": "function foxpaw:nevariin/dream_sickle/round_slash"
                                        },
                                        {
                                            "type": "origins:execute_command",
                                            "command": "/attribute @s minecraft:generic.gravity modifier remove nevariin:dream_sickle"
                                        },
                                        {
                                            "type": "origins:area_of_effect",
                                            "radius": 5,
                                            "shape": "sphere",
                                            "bientity_action": {
                                                "type": "origins:and",
                                                "actions": [{
                                                        "type": "origins:target_action",
                                                        "action": {
                                                            "type": "origins:add_velocity",
                                                            "y": 0.5,
                                                            "space": "world",
                                                            "set": true
                                                        }
                                                    },
                                                    {
                                                        "type": "origins:add_velocity",
                                                        "z": 3,
                                                        "reference": "position"
                                                    },
                                                    {
                                                        "type": "origins:actor_action",
                                                        "action": {
                                                            "type": "origins:change_resource",
                                                            "resource": "*:nevariin/dream_power_dream_bar",
                                                            "change": 200,
                                                            "operation": "add"
                                                        }
                                                    }
                                                ]
                                            }
                                        }
                                    ]
                                }
                            },
                            {
                                "type": "origins:swing_hand",
                                "hand": "MAIN_HAND"
                            },
                            {
                                "type": "origins:change_resource",
                                "resource": "*:*_cooldown",
                                "change": 50,
                                "operation": "set"
                            },
                            {
                                "type": "origins:change_resource",
                                "resource": "*:nevariin/channel_primary_channeling",
                                "operation": "set",
                                "change": 0
                            }
                        ]
                    }
                },
                {
                    "condition": {
                        "type": "origins:resource",
                        "compare_to": 15,
                        "comparison": "==",
                        "resource": "*:nevariin/channel_primary"
                    },
                    "action": {
                        "type": "origins:and",
                        "actions": [{
                                "type": "origins:execute_command",
                                "command": "function foxpaw:nevariin/dream_sickle/slash"
                            },
                            {
                                "type": "origins:change_resource",
                                "resource": "*:nevariin/channel_primary",
                                "change": 0,
                                "operation": "set"
                            },
                            {
                                "type": "origins:add_velocity",
                                "client": false,
                                "server": true,
                                "space": "local",
                                "z": 2.5,
                                "y": 0.1,
                                "set": true
                            },
                            {
                                "type": "origins:swing_hand",
                                "hand": "MAIN_HAND"
                            },
                            {
                                "type": "origins:change_resource",
                                "resource": "*:*_slash_window",
                                "operation": "set",
                                "change": 100000
                            },
                            {
                                "type": "origins:change_resource",
                                "resource": "*:nevariin/channel_primary_channeling",
                                "operation": "set",
                                "change": 0
                            },
                            {
                                "type": "origins:area_of_effect",
                                "radius": 2,
                                "shape": "sphere",
                                "bientity_action": {
                                    "type": "origins:and",
                                    "actions": [{
                                            "type": "origins:target_action",
                                            "action": {
                                                "type": "origins:add_velocity",
                                                "y": 0.2,
                                                "space": "world",
                                                "set": true
                                            }
                                        },
                                        {
                                            "type": "origins:add_velocity",
                                            "z": 2.5,
                                            "reference": "rotation"
                                        },
                                        {
                                            "type": "origins:actor_action",
                                            "action": {
                                                "type": "origins:change_resource",
                                                "resource": "*:nevariin/dream_power_dream_bar",
                                                "change": 150,
                                                "operation": "add"
                                            }
                                        }
                                    ]
                                }
                            }
                        ]
                    }
                },
                {
                    "action": {
                        "type": "origins:and",
                        "actions": [{
                                "type": "origins:change_resource",
                                "resource": "*:nevariin/channel_primary",
                                "change": 1,
                                "operation": "add"
                            },
                            {
                                "type": "origins:change_resource",
                                "resource": "*:nevariin/channel_primary_channeling",
                                "change": 5,
                                "operation": "set"
                            },
                            {
                                "type": "origins:execute_command",
                                "command": "/particle cloud ~ ~ ~ 0 0 0 0.3 5"
                            }
                        ]
                    },
                    "condition": {
                        "type": "origins:constant",
                        "value": true
                    }
                }
            ]
        },
        "cooldown": 1
    },
    "cooldown": {
        "type": "origins:resource",
        "min": 0,
        "max": 100,
        "start_value": 0,
        "hud_render": {
            "sprite_location": "origins:textures/gui/resource_bar.png",
            "bar_index": 3,
            "condition": {
                "type": "origins:resource",
                "resource": "*:*_cooldown",
                "compare_to": 0,
                "comparison": ">"
            }
        }
    },
    "release": {
        "type": "origins:action_over_time",
        "interval": 1,
        "entity_action": {
            "type": "origins:and",
            "actions": [
                {
                    "type": "origins:change_resource",
                    "resource": "*:*_cooldown",
                    "change": -1,
                    "operation": "add"
                },
                {
                    "type": "origins:change_resource",
                    "resource": "*:*_slash_window",
                    "change": -1,
                    "operation": "add"
                }
            ]
        }
    },
    "slash_window": {
        "type": "origins:resource",
        "min": 0,
        "max": 40,
        "min_action": {
            "type": "origins:change_resource",
            "resource": "*:*_cooldown",
            "change": 1000,
            "operation": "set"
        }
    },
    "slash_window_display": {
        "type": "origins:resource",
        "min": 0,
        "max": 1,
        "start_value": 1,
        "hud_render": {
            "sprite_location": "origins:textures/gui/resource_bar.png",
            "bar_index": 3,
            "condition": {
                "type": "origins:resource",
                "resource": "*:*_slash_window",
                "compare_to": 0,
                "comparison": ">"
            }
        }
    }
}