{
    "name":"Dreamer",
    "description":"Spawn in a dream world, a reflection of the physical plane. By using abilities in the real world, you can capture parts of it into your domain.",
    "type": "origins:multiple",
    "spawn":{
        "type": "origins:modify_player_spawn",
        "dimension": "foxpaw:dream_world"
    },
    "callback":{
        "type": "origins:action_on_callback",
        "entity_action_respawned": {
            "type": "origins:execute_command",
            "command": "/function foxpaw:nevariin/dreamer/respawn"
        }
    }
}