{
    "hidden": true,
    "type": "origins:multiple",
    "secondary": {
        "type": "origins:resource",
        "min": 0,
        "max": 50,
        "start_value": 0,
        "hud_render": {
            "sprite_location": "origins:textures/gui/community/spiderkolo/resource_bar_01.png",
            "bar_index": 13,
            "condition": {
                "type": "origins:resource",
                "resource": "*:*_secondary_channeling",
                "compare_to": 0,
                "comparison": ">"
            }
        }
    },
    "secondary_channeling": {
        "type": "origins:resource",
        "min": 0,
        "max": 5,
        "start_value": 0,
        "min_action": {
            "type": "origins:and",
            "actions": [{

                    "type": "origins:change_resource",
                    "resource": "*:*_secondary",
                    "change": 0,
                    "operation": "set"
                },
                {
                    "type": "origins:execute_command",
                    "command": "/function foxpaw:nevariin/global/channel_attribute_lost"
                }
            ]
        },
        "max_action": {
            "type": "origins:execute_command",
            "command": "/function foxpaw:nevariin/global/channel_attribute_gain"
        }
    },
    "secondary_decay": {
        "type": "origins:action_over_time",
        "interval": 1,
        "entity_action": {
            "type": "origins:and",
            "actions": [{
                    "type": "origins:change_resource",
                    "resource": "*:*_secondary_channeling",
                    "change": -1,
                    "operation": "add"
                }
            ]
        }
    },
    "primary": {
        "type": "origins:resource",
        "min": 0,
        "max": 15,
        "start_value": 0,
        "hud_render": {
            "sprite_location": "origins:textures/gui/resource_bar.png",
            "bar_index": 3,
            "condition": {
                "type": "origins:resource",
                "resource": "*:*_primary_channeling",
                "compare_to": 0,
                "comparison": ">"
            }
        }
    },
    "primary_channeling": {
        "type": "origins:resource",
        "min": 0,
        "max": 5,
        "start_value": 0,
        "min_action": {
            "type": "origins:and",
            "actions": [{

                    "type": "origins:change_resource",
                    "resource": "*:*_primary",
                    "change": 0,
                    "operation": "set"
                },
                {
                    "type": "origins:execute_command",
                    "command": "/function foxpaw:nevariin/global/channel_attribute_lost"
                }
            ]
        },
        "max_action": {
            "type": "origins:execute_command",
            "command": "/function foxpaw:nevariin/global/channel_attribute_gain"
        }
    },
    "primary_decay": {
        "type": "origins:action_over_time",
        "interval": 1,
        "entity_action": {
            "type": "origins:and",
            "actions": [{
                    "type": "origins:change_resource",
                    "resource": "*:*_primary_channeling",
                    "change": -1,
                    "operation": "add"
                }
            ]
        }
    }
}